{"cameraMode":{"drawMode":0,"name":"Shaded","section":"Shading Mode"},"sceneLighting":true,"audioPlay":false,"sceneViewState":{"showFog":true,"showMaterialUpdate":false,"showSkybox":true,"showFlares":true,"showImageEffects":true,"showParticleSystems":true},"in2DMode":false,"pivot":{"x":0.7557389140129089,"y":0.34067201614379885,"z":-0.38449960947036745},"rotation":{"x":0.2724311649799347,"y":0.023089803755283357,"z":-0.006537442095577717,"w":0.9618760347366333},"size":1.663637638092041,"orthographic":true}